{
	"credit": "Made with Blockbench",
	"textures": {
		"0": "./cons1",
		"1": "./cons2",
		"2": "./cons3",
		"4": "./cons3_1",
		"5": "./iron_block",
		"particle": "./cons1"
	},
	"elements": [
		{
			"from": [0, -1, 3],
			"to": [16, 0, 13],
			"faces": {
				"north": {"uv": [0, 0, 16, 1], "texture": "#5"},
				"east": {"uv": [0, 0, 10, 1], "texture": "#5"},
				"south": {"uv": [0, 0, 16, 1], "texture": "#5"},
				"west": {"uv": [0, 0, 10, 1], "texture": "#5"},
				"up": {"uv": [0, 0, 16, 10], "texture": "#5"},
				"down": {"uv": [0, 0, 16, 10], "texture": "#5"}
			}
		},
		{
			"from": [0, -8, 3],
			"to": [16, -7, 13],
			"faces": {
				"north": {"uv": [0, 0, 16, 1], "texture": "#5"},
				"east": {"uv": [0, 0, 10, 1], "texture": "#5"},
				"south": {"uv": [0, 0, 16, 1], "texture": "#5"},
				"west": {"uv": [0, 0, 10, 1], "texture": "#5"},
				"up": {"uv": [0, 0, 16, 10], "texture": "#5"},
				"down": {"uv": [0, 0, 16, 10], "texture": "#5"}
			}
		},
		{
			"from": [0, -16, 3],
			"to": [16, -14, 13],
			"faces": {
				"north": {"uv": [0, 0, 16, 2], "texture": "#5"},
				"east": {"uv": [0, 0, 10, 2], "texture": "#5"},
				"south": {"uv": [0, 0, 16, 2], "texture": "#5"},
				"west": {"uv": [0, 0, 10, 2], "texture": "#5"},
				"up": {"uv": [0, 0, 16, 10], "texture": "#5"},
				"down": {"uv": [0, 0, 16, 10], "texture": "#5"}
			}
		},
		{
			"from": [0, 6, 3],
			"to": [16, 7, 13],
			"faces": {
				"north": {"uv": [0, 0, 16, 1], "texture": "#5"},
				"east": {"uv": [0, 0, 10, 1], "texture": "#5"},
				"south": {"uv": [0, 0, 16, 1], "texture": "#5"},
				"west": {"uv": [0, 0, 10, 1], "texture": "#5"},
				"up": {"uv": [0, 0, 16, 10], "texture": "#5"},
				"down": {"uv": [0, 0, 16, 10], "texture": "#5"}
			}
		},
		{
			"from": [0, 13, 3],
			"to": [16, 14, 13],
			"faces": {
				"north": {"uv": [0, 0, 16, 1], "texture": "#5"},
				"east": {"uv": [0, 0, 10, 1], "texture": "#5"},
				"south": {"uv": [0, 0, 16, 1], "texture": "#5"},
				"west": {"uv": [0, 0, 10, 1], "texture": "#5"},
				"up": {"uv": [0, 0, 16, 10], "texture": "#5"},
				"down": {"uv": [0, 0, 16, 10], "texture": "#5"}
			}
		},
		{
			"from": [-0.75, -16, 2.75],
			"to": [0.25, 15, 4.25],
			"faces": {
				"north": {"uv": [4, 0, 5, 16], "texture": "#5"},
				"east": {"uv": [4, 0, 5.5, 16], "texture": "#5"},
				"south": {"uv": [4, 0, 5, 16], "texture": "#5"},
				"west": {"uv": [4, 0, 5.5, 16], "texture": "#5"},
				"up": {"uv": [4, 0, 5, 1.5], "texture": "#5"},
				"down": {"uv": [4, 0, 5, 1.5], "texture": "#5"}
			}
		},
		{
			"from": [-0.75, -16, 11.75],
			"to": [0.25, 15, 13.25],
			"faces": {
				"north": {"uv": [10, 0, 9, 16], "texture": "#5"},
				"east": {"uv": [10, 0, 11.5, 16], "texture": "#5"},
				"south": {"uv": [11, 0, 10, 16], "texture": "#5"},
				"west": {"uv": [10, 0, 11.5, 16], "texture": "#5"},
				"up": {"uv": [11, 0.5, 10, 2], "texture": "#5"},
				"down": {"uv": [11, 0.5, 10, 2], "texture": "#5"}
			}
		},
		{
			"from": [15.25, -16, 11.75],
			"to": [16.25, 15, 13.25],
			"faces": {
				"north": {"uv": [4, 0, 3, 16], "texture": "#5"},
				"east": {"uv": [4.5, 0, 3, 16], "texture": "#5"},
				"south": {"uv": [4, 0, 3, 16], "texture": "#5"},
				"west": {"uv": [4.5, 0, 3, 16], "texture": "#5"},
				"up": {"uv": [4, 0.5, 3, 2], "texture": "#5"},
				"down": {"uv": [4, 0.5, 3, 2], "texture": "#5"}
			}
		},
		{
			"from": [15.25, -16, 2.75],
			"to": [16.25, 15, 4.25],
			"faces": {
				"north": {"uv": [3, 0, 4, 16], "texture": "#5"},
				"east": {"uv": [3, 0, 4.5, 16], "texture": "#5"},
				"south": {"uv": [3, 0, 4, 16], "texture": "#5"},
				"west": {"uv": [3, 0, 4.5, 16], "texture": "#5"},
				"up": {"uv": [3, 0, 4, 1.5], "texture": "#5"},
				"down": {"uv": [3, 0, 4, 1.5], "texture": "#5"}
			}
		},
		{
			"from": [11.775, 0.25, 6.525],
			"to": [14.725, 4.25, 9.475],
			"rotation": {"angle": 22.5, "axis": "y", "origin": [12, 3.38621, 8]},
			"faces": {
				"north": {"uv": [0, 0, 6, 8], "texture": "#0"},
				"east": {"uv": [0, 0, 6, 8], "texture": "#0"},
				"south": {"uv": [0, 0, 6, 8], "texture": "#0"},
				"west": {"uv": [0, 0, 6, 8], "texture": "#0"},
				"up": {"uv": [0, 0, 6, 6], "texture": "#0"},
				"down": {"uv": [0, 0, 6, 6], "texture": "#0"}
			}
		},
		{
			"from": [11.75, 0, 6.5],
			"to": [11.75, 4.5, 9.5],
			"rotation": {"angle": 22.5, "axis": "y", "origin": [12, 3.38621, 8]},
			"faces": {
				"north": {"uv": [0, 0, 6, 8], "texture": "#0"},
				"east": {"uv": [0, 0, 6, 8], "texture": "#0"},
				"south": {"uv": [0, 0, 6, 8], "texture": "#0"},
				"west": {"uv": [0, 0, 6, 8], "texture": "#0"},
				"up": {"uv": [0, 0, 6, 6], "texture": "#0"},
				"down": {"uv": [0, 0, 6, 6], "texture": "#0"}
			}
		},
		{
			"from": [14.75, 0, 6.5],
			"to": [14.75, 4.5, 9.5],
			"rotation": {"angle": 22.5, "axis": "y", "origin": [12, 3.38621, 8]},
			"faces": {
				"north": {"uv": [0, 0, 6, 8], "texture": "#0"},
				"east": {"uv": [0, 0, 6, 8], "texture": "#0"},
				"south": {"uv": [0, 0, 6, 8], "texture": "#0"},
				"west": {"uv": [0, 0, 6, 8], "texture": "#0"},
				"up": {"uv": [0, 0, 6, 6], "texture": "#0"},
				"down": {"uv": [0, 0, 6, 6], "texture": "#0"}
			}
		},
		{
			"from": [11.75, 0, 9.5],
			"to": [14.75, 4.5, 9.5],
			"rotation": {"angle": 22.5, "axis": "y", "origin": [12, 3.38621, 8]},
			"faces": {
				"north": {"uv": [0, 0, 6, 8], "texture": "#0"},
				"east": {"uv": [0, 0, 6, 8], "texture": "#0"},
				"south": {"uv": [0, 0, 6, 8], "texture": "#0"},
				"west": {"uv": [0, 0, 6, 8], "texture": "#0"},
				"up": {"uv": [0, 0, 6, 6], "texture": "#0"},
				"down": {"uv": [0, 0, 6, 6], "texture": "#0"}
			}
		},
		{
			"from": [11.75, 0, 6.5],
			"to": [14.75, 4.5, 6.5],
			"rotation": {"angle": 22.5, "axis": "y", "origin": [12, 3.38621, 8]},
			"faces": {
				"north": {"uv": [0, 0, 6, 8], "texture": "#0"},
				"east": {"uv": [0, 0, 6, 8], "texture": "#0"},
				"south": {"uv": [0, 0, 6, 8], "texture": "#0"},
				"west": {"uv": [0, 0, 6, 8], "texture": "#0"},
				"up": {"uv": [0, 0, 6, 6], "texture": "#0"},
				"down": {"uv": [0, 0, 6, 6], "texture": "#0"}
			}
		},
		{
			"from": [12.75, 4.31522, 7.97623],
			"to": [13.75, 4.31522, 9.47623],
			"rotation": {"angle": 22.5, "axis": "y", "origin": [12, 3.38621, 8]},
			"faces": {
				"north": {"uv": [0.1, 8.1, 2.9, 12.9], "texture": "#0"},
				"east": {"uv": [0.1, 8.1, 2.9, 12.9], "texture": "#0"},
				"south": {"uv": [0.1, 8.1, 2.9, 12.9], "texture": "#0"},
				"west": {"uv": [0.1, 8.1, 2.9, 12.9], "texture": "#0"},
				"up": {"uv": [0.1, 8.1, 2.9, 12.9], "texture": "#0"},
				"down": {"uv": [0.1, 8.1, 2.9, 12.9], "texture": "#0"}
			}
		},
		{
			"from": [2.4, 0.5, 6.4],
			"to": [2.4, 3, 9.6],
			"rotation": {"angle": -22.5, "axis": "y", "origin": [8, 2.63621, 8]},
			"faces": {
				"north": {"uv": [3.1, 10.1, 9.9, 15.9], "texture": "#1"},
				"east": {"uv": [3.1, 10.1, 9.9, 15.9], "texture": "#1"},
				"south": {"uv": [3.1, 10.1, 9.9, 15.9], "texture": "#1"},
				"west": {"uv": [3.1, 10.1, 9.9, 15.9], "texture": "#1"},
				"up": {"uv": [3.1, 10.1, 9.9, 15.9], "texture": "#1"},
				"down": {"uv": [3.1, 10.1, 9.9, 15.9], "texture": "#1"}
			}
		},
		{
			"from": [2.4, 0.5, 9.6],
			"to": [5.6, 3, 9.6],
			"rotation": {"angle": -22.5, "axis": "y", "origin": [8, 2.63621, 8]},
			"faces": {
				"north": {"uv": [3.1, 10.1, 9.9, 15.9], "texture": "#1"},
				"east": {"uv": [3.1, 10.1, 9.9, 15.9], "texture": "#1"},
				"south": {"uv": [3.1, 10.1, 9.9, 15.9], "texture": "#1"},
				"west": {"uv": [3.1, 10.1, 9.9, 15.9], "texture": "#1"},
				"up": {"uv": [3.1, 10.1, 9.9, 15.9], "texture": "#1"},
				"down": {"uv": [3.1, 10.1, 9.9, 15.9], "texture": "#1"}
			}
		},
		{
			"from": [2.4, 0.5, 6.4],
			"to": [5.6, 3, 6.4],
			"rotation": {"angle": -22.5, "axis": "y", "origin": [8, 2.63621, 8]},
			"faces": {
				"north": {"uv": [3.1, 10.1, 9.9, 15.9], "texture": "#1"},
				"east": {"uv": [3.1, 10.1, 9.9, 15.9], "texture": "#1"},
				"south": {"uv": [3.1, 10.1, 9.9, 15.9], "texture": "#1"},
				"west": {"uv": [3.1, 10.1, 9.9, 15.9], "texture": "#1"},
				"up": {"uv": [3.1, 10.1, 9.9, 15.9], "texture": "#1"},
				"down": {"uv": [3.1, 10.1, 9.9, 15.9], "texture": "#1"}
			}
		},
		{
			"from": [5.6, 0.5, 6.4],
			"to": [5.6, 3, 9.6],
			"rotation": {"angle": -22.5, "axis": "y", "origin": [8, 2.63621, 8]},
			"faces": {
				"north": {"uv": [3.1, 10.1, 9.9, 15.9], "texture": "#1"},
				"east": {"uv": [3.1, 10.1, 9.9, 15.9], "texture": "#1"},
				"south": {"uv": [3.1, 10.1, 9.9, 15.9], "texture": "#1"},
				"west": {"uv": [3.1, 10.1, 9.9, 15.9], "texture": "#1"},
				"up": {"uv": [3.1, 10.1, 9.9, 15.9], "texture": "#1"},
				"down": {"uv": [3.1, 10.1, 9.9, 15.9], "texture": "#1"}
			}
		},
		{
			"from": [2.5, 0, 6.5],
			"to": [5.5, 3.5, 6.5],
			"rotation": {"angle": -22.5, "axis": "y", "origin": [8, 2.63621, 8]},
			"faces": {
				"north": {"uv": [0, 0, 6, 6], "texture": "#4"},
				"east": {"uv": [0, 0, 6, 6], "texture": "#4"},
				"south": {"uv": [0, 0, 6, 6], "texture": "#4"},
				"west": {"uv": [0, 0, 6, 6], "texture": "#4"},
				"up": {"uv": [0, 0, 6, 6], "texture": "#4"},
				"down": {"uv": [0, 0, 6, 6], "texture": "#4"}
			}
		},
		{
			"from": [2.5, 0, 9.5],
			"to": [5.5, 3.5, 9.5],
			"rotation": {"angle": -22.5, "axis": "y", "origin": [8, 2.63621, 8]},
			"faces": {
				"north": {"uv": [0, 0, 6, 6], "texture": "#4"},
				"east": {"uv": [0, 0, 6, 6], "texture": "#4"},
				"south": {"uv": [0, 0, 6, 6], "texture": "#4"},
				"west": {"uv": [0, 0, 6, 6], "texture": "#4"},
				"up": {"uv": [0, 0, 6, 6], "texture": "#4"},
				"down": {"uv": [0, 0, 6, 6], "texture": "#4"}
			}
		},
		{
			"from": [2.5, 0, 6.5],
			"to": [2.5, 3.5, 9.5],
			"rotation": {"angle": -22.5, "axis": "y", "origin": [8, 2.63621, 8]},
			"faces": {
				"north": {"uv": [0, 0, 6, 6], "texture": "#4"},
				"east": {"uv": [0, 0, 6, 6], "texture": "#4"},
				"south": {"uv": [0, 0, 6, 6], "texture": "#4"},
				"west": {"uv": [0, 0, 6, 6], "texture": "#4"},
				"up": {"uv": [0, 0, 6, 6], "rotation": 90, "texture": "#4"},
				"down": {"uv": [0, 0, 6, 6], "rotation": 270, "texture": "#4"}
			}
		},
		{
			"from": [5.5, 0, 6.5],
			"to": [5.5, 3.5, 9.5],
			"rotation": {"angle": -22.5, "axis": "y", "origin": [8, 2.63621, 8]},
			"faces": {
				"north": {"uv": [0, 0, 6, 6], "texture": "#4"},
				"east": {"uv": [0, 0, 6, 6], "texture": "#4"},
				"south": {"uv": [0, 0, 6, 6], "texture": "#4"},
				"west": {"uv": [0, 0, 6, 6], "texture": "#4"},
				"up": {"uv": [0, 0, 6, 6], "rotation": 90, "texture": "#4"},
				"down": {"uv": [0, 0, 6, 6], "rotation": 270, "texture": "#4"}
			}
		},
		{
			"from": [2.525, 0.25, 6.525],
			"to": [5.475, 3.25, 9.475],
			"rotation": {"angle": -22.5, "axis": "y", "origin": [8, 2.63621, 8]},
			"faces": {
				"north": {"uv": [0, 0, 6, 6], "texture": "#4"},
				"east": {"uv": [0, 0, 6, 6], "texture": "#4"},
				"south": {"uv": [0, 0, 6, 6], "texture": "#4"},
				"west": {"uv": [0, 0, 6, 6], "texture": "#4"},
				"up": {"uv": [0, 0, 6, 6], "texture": "#4"},
				"down": {"uv": [0, 0, 6, 6], "texture": "#4"}
			}
		},
		{
			"from": [3.5, 3.33425, 7.88056],
			"to": [4.5, 3.33425, 9.38056],
			"rotation": {"angle": -22.5, "axis": "y", "origin": [8, 2.63621, 8]},
			"faces": {
				"north": {"uv": [0.1, 8.1, 2.9, 12.9], "texture": "#4"},
				"east": {"uv": [0.1, 8.1, 2.9, 12.9], "texture": "#4"},
				"south": {"uv": [0.1, 8.1, 2.9, 12.9], "texture": "#4"},
				"west": {"uv": [0.1, 8.1, 2.9, 12.9], "texture": "#4"},
				"up": {"uv": [0.1, 8.1, 2.9, 12.9], "texture": "#4"},
				"down": {"uv": [0.1, 8.1, 2.9, 12.9], "texture": "#4"}
			}
		},
		{
			"from": [9.5, 7, 6.5],
			"to": [12.5, 9.5, 6.5],
			"rotation": {"angle": -22.5, "axis": "y", "origin": [10, 8.80164, 8]},
			"faces": {
				"north": {"uv": [0, 0, 6, 6], "texture": "#4"},
				"east": {"uv": [0, 0, 6, 6], "texture": "#4"},
				"south": {"uv": [0, 0, 6, 6], "texture": "#4"},
				"west": {"uv": [0, 0, 6, 6], "texture": "#4"},
				"up": {"uv": [0, 0, 6, 6], "texture": "#4"},
				"down": {"uv": [0, 0, 6, 6], "texture": "#4"}
			}
		},
		{
			"from": [9.5, 7, 9.5],
			"to": [12.5, 9.5, 9.5],
			"rotation": {"angle": -22.5, "axis": "y", "origin": [10, 8.80164, 8]},
			"faces": {
				"north": {"uv": [0, 0, 6, 6], "texture": "#4"},
				"east": {"uv": [0, 0, 6, 6], "texture": "#4"},
				"south": {"uv": [0, 0, 6, 6], "texture": "#4"},
				"west": {"uv": [0, 0, 6, 6], "texture": "#4"},
				"up": {"uv": [0, 0, 6, 6], "texture": "#4"},
				"down": {"uv": [0, 0, 6, 6], "texture": "#4"}
			}
		},
		{
			"from": [9.5, 7, 6.5],
			"to": [9.5, 9.5, 9.5],
			"rotation": {"angle": -22.5, "axis": "y", "origin": [10, 8.80164, 8]},
			"faces": {
				"north": {"uv": [0, 0, 6, 6], "texture": "#4"},
				"east": {"uv": [0, 0, 6, 6], "texture": "#4"},
				"south": {"uv": [0, 0, 6, 6], "texture": "#4"},
				"west": {"uv": [0, 0, 6, 6], "texture": "#4"},
				"up": {"uv": [0, 0, 6, 6], "rotation": 90, "texture": "#4"},
				"down": {"uv": [0, 0, 6, 6], "rotation": 270, "texture": "#4"}
			}
		},
		{
			"from": [12.5, 7, 6.5],
			"to": [12.5, 9.5, 9.5],
			"rotation": {"angle": -22.5, "axis": "y", "origin": [10, 8.80164, 8]},
			"faces": {
				"north": {"uv": [0, 0, 6, 6], "texture": "#4"},
				"east": {"uv": [0, 0, 6, 6], "texture": "#4"},
				"south": {"uv": [0, 0, 6, 6], "texture": "#4"},
				"west": {"uv": [0, 0, 6, 6], "texture": "#4"},
				"up": {"uv": [0, 0, 6, 6], "rotation": 90, "texture": "#4"},
				"down": {"uv": [0, 0, 6, 6], "rotation": 270, "texture": "#4"}
			}
		},
		{
			"from": [9.525, 7.25, 6.525],
			"to": [12.475, 9.25, 9.475],
			"rotation": {"angle": -22.5, "axis": "y", "origin": [10, 8.80164, 8]},
			"faces": {
				"north": {"uv": [0, 0, 6, 6], "texture": "#4"},
				"east": {"uv": [0, 0, 6, 6], "texture": "#4"},
				"south": {"uv": [0, 0, 6, 6], "texture": "#4"},
				"west": {"uv": [0, 0, 6, 6], "texture": "#4"},
				"up": {"uv": [0, 0, 6, 6], "texture": "#4"},
				"down": {"uv": [0, 0, 6, 6], "texture": "#4"}
			}
		},
		{
			"from": [10.5, 9.35328, 7.78489],
			"to": [11.5, 9.35328, 9.28489],
			"rotation": {"angle": -22.5, "axis": "y", "origin": [10, 8.80164, 8]},
			"faces": {
				"north": {"uv": [0.1, 8.1, 2.9, 12.9], "texture": "#4"},
				"east": {"uv": [0.1, 8.1, 2.9, 12.9], "texture": "#4"},
				"south": {"uv": [0.1, 8.1, 2.9, 12.9], "texture": "#4"},
				"west": {"uv": [0.1, 8.1, 2.9, 12.9], "texture": "#4"},
				"up": {"uv": [0.1, 8.1, 2.9, 12.9], "texture": "#4"},
				"down": {"uv": [0.1, 8.1, 2.9, 12.9], "texture": "#4"}
			}
		},
		{
			"from": [3.39845, 7.5, 6.13535],
			"to": [3.39845, 11, 9.33535],
			"rotation": {"angle": 22.5, "axis": "y", "origin": [4.99845, 10.28261, 8.73535]},
			"faces": {
				"north": {"uv": [9, 8, 16, 16], "texture": "#0"},
				"east": {"uv": [9, 8, 16, 16], "texture": "#0"},
				"south": {"uv": [9, 8, 16, 16], "texture": "#0"},
				"west": {"uv": [9, 8, 16, 16], "texture": "#0"},
				"up": {"uv": [9, 8, 16, 16], "texture": "#0"},
				"down": {"uv": [9, 8, 16, 16], "texture": "#0"}
			}
		},
		{
			"from": [3.39845, 7.5, 9.33535],
			"to": [6.59845, 11, 9.33535],
			"rotation": {"angle": 22.5, "axis": "y", "origin": [4.99845, 10.28261, 8.73535]},
			"faces": {
				"north": {"uv": [9, 8, 16, 16], "texture": "#0"},
				"east": {"uv": [9, 8, 16, 16], "texture": "#0"},
				"south": {"uv": [9, 8, 16, 16], "texture": "#0"},
				"west": {"uv": [9, 8, 16, 16], "texture": "#0"},
				"up": {"uv": [9, 8, 16, 16], "texture": "#0"},
				"down": {"uv": [9, 8, 16, 16], "texture": "#0"}
			}
		},
		{
			"from": [3.39845, 7.5, 6.13535],
			"to": [6.59845, 11, 6.13535],
			"rotation": {"angle": 22.5, "axis": "y", "origin": [4.99845, 10.28261, 8.73535]},
			"faces": {
				"north": {"uv": [3, 8, 10, 16], "texture": "#0"},
				"east": {"uv": [9, 8, 16, 16], "texture": "#0"},
				"south": {"uv": [9, 8, 16, 16], "texture": "#0"},
				"west": {"uv": [9, 8, 16, 16], "texture": "#0"},
				"up": {"uv": [9, 8, 16, 16], "texture": "#0"},
				"down": {"uv": [9, 8, 16, 16], "texture": "#0"}
			}
		},
		{
			"from": [6.59845, 7.5, 6.13535],
			"to": [6.59845, 11, 9.33535],
			"rotation": {"angle": 22.5, "axis": "y", "origin": [4.99845, 10.28261, 8.73535]},
			"faces": {
				"north": {"uv": [9, 8, 16, 16], "texture": "#0"},
				"east": {"uv": [9, 8, 16, 16], "texture": "#0"},
				"south": {"uv": [9, 8, 16, 16], "texture": "#0"},
				"west": {"uv": [9, 8, 16, 16], "texture": "#0"},
				"up": {"uv": [9, 8, 16, 16], "texture": "#0"},
				"down": {"uv": [9, 8, 16, 16], "texture": "#0"}
			}
		},
		{
			"from": [3.52345, 7.25, 6.26035],
			"to": [6.47345, 11.25, 9.21035],
			"rotation": {"angle": 22.5, "axis": "y", "origin": [4.99845, 10.28261, 8.73535]},
			"faces": {
				"north": {"uv": [0, 0, 6, 8], "texture": "#0"},
				"east": {"uv": [0, 0, 6, 8], "texture": "#0"},
				"south": {"uv": [0, 0, 6, 8], "texture": "#0"},
				"west": {"uv": [0, 0, 6, 8], "texture": "#0"},
				"up": {"uv": [0, 0, 6, 6], "texture": "#0"},
				"down": {"uv": [0, 0, 6, 6], "texture": "#0"}
			}
		},
		{
			"from": [3.49845, 7, 6.23535],
			"to": [3.49845, 11.5, 9.23535],
			"rotation": {"angle": 22.5, "axis": "y", "origin": [4.99845, 10.28261, 8.73535]},
			"faces": {
				"north": {"uv": [0, 0, 6, 8], "texture": "#0"},
				"east": {"uv": [0, 0, 6, 8], "texture": "#0"},
				"south": {"uv": [0, 0, 6, 8], "texture": "#0"},
				"west": {"uv": [0, 0, 6, 8], "texture": "#0"},
				"up": {"uv": [0, 0, 6, 6], "texture": "#0"},
				"down": {"uv": [0, 0, 6, 6], "texture": "#0"}
			}
		},
		{
			"from": [6.49845, 7, 6.23535],
			"to": [6.49845, 11.5, 9.23535],
			"rotation": {"angle": 22.5, "axis": "y", "origin": [4.99845, 10.28261, 8.73535]},
			"faces": {
				"north": {"uv": [0, 0, 6, 8], "texture": "#0"},
				"east": {"uv": [0, 0, 6, 8], "texture": "#0"},
				"south": {"uv": [0, 0, 6, 8], "texture": "#0"},
				"west": {"uv": [0, 0, 6, 8], "texture": "#0"},
				"up": {"uv": [0, 0, 6, 6], "texture": "#0"},
				"down": {"uv": [0, 0, 6, 6], "texture": "#0"}
			}
		},
		{
			"from": [3.49845, 7, 9.23535],
			"to": [6.49845, 11.5, 9.23535],
			"rotation": {"angle": 22.5, "axis": "y", "origin": [4.99845, 10.28261, 8.73535]},
			"faces": {
				"north": {"uv": [0, 0, 6, 8], "texture": "#0"},
				"east": {"uv": [0, 0, 6, 8], "texture": "#0"},
				"south": {"uv": [0, 0, 6, 8], "texture": "#0"},
				"west": {"uv": [0, 0, 6, 8], "texture": "#0"},
				"up": {"uv": [0, 0, 6, 6], "texture": "#0"},
				"down": {"uv": [0, 0, 6, 6], "texture": "#0"}
			}
		},
		{
			"from": [3.49845, 7, 6.23535],
			"to": [6.49845, 11.5, 6.23535],
			"rotation": {"angle": 22.5, "axis": "y", "origin": [4.99845, 10.28261, 8.73535]},
			"faces": {
				"north": {"uv": [0, 0, 6, 8], "texture": "#0"},
				"east": {"uv": [0, 0, 6, 8], "texture": "#0"},
				"south": {"uv": [0, 0, 6, 8], "texture": "#0"},
				"west": {"uv": [0, 0, 6, 8], "texture": "#0"},
				"up": {"uv": [0, 0, 6, 6], "texture": "#0"},
				"down": {"uv": [0, 0, 6, 6], "texture": "#0"}
			}
		},
		{
			"from": [4.49845, 11.31522, 7.71158],
			"to": [5.49845, 11.31522, 9.21158],
			"rotation": {"angle": 22.5, "axis": "y", "origin": [4.99845, 10.28261, 8.73535]},
			"faces": {
				"north": {"uv": [0.1, 8.1, 2.9, 12.9], "texture": "#0"},
				"east": {"uv": [0.1, 8.1, 2.9, 12.9], "texture": "#0"},
				"south": {"uv": [0.1, 8.1, 2.9, 12.9], "texture": "#0"},
				"west": {"uv": [0.1, 8.1, 2.9, 12.9], "texture": "#0"},
				"up": {"uv": [0.1, 8.1, 2.9, 12.9], "texture": "#0"},
				"down": {"uv": [0.1, 8.1, 2.9, 12.9], "texture": "#0"}
			}
		},
		{
			"from": [5.4, -6.625, 6.4],
			"to": [5.4, -4.875, 9.6],
			"rotation": {"angle": -22.5, "axis": "y", "origin": [8, -5.19836, 9]},
			"faces": {
				"north": {"uv": [9.025, 12.025, 15.975, 15.975], "texture": "#2"},
				"east": {"uv": [9.025, 12.025, 15.975, 15.975], "texture": "#2"},
				"south": {"uv": [9.025, 12.025, 15.975, 15.975], "texture": "#2"},
				"west": {"uv": [9.025, 12.025, 15.975, 15.975], "texture": "#2"},
				"up": {"uv": [9.025, 12.025, 15.975, 15.975], "texture": "#2"},
				"down": {"uv": [9.025, 12.025, 15.975, 15.975], "texture": "#2"}
			}
		},
		{
			"from": [5.4, -6.625, 9.6],
			"to": [8.6, -4.875, 9.6],
			"rotation": {"angle": -22.5, "axis": "y", "origin": [8, -5.19836, 9]},
			"faces": {
				"north": {"uv": [9.025, 12.025, 15.975, 15.975], "texture": "#2"},
				"east": {"uv": [9.025, 12.025, 15.975, 15.975], "texture": "#2"},
				"south": {"uv": [9.025, 12.025, 15.975, 15.975], "texture": "#2"},
				"west": {"uv": [9.025, 12.025, 15.975, 15.975], "texture": "#2"},
				"up": {"uv": [9.025, 12.025, 15.975, 15.975], "texture": "#2"},
				"down": {"uv": [9.025, 12.025, 15.975, 15.975], "texture": "#2"}
			}
		},
		{
			"from": [5.4, -6.625, 6.4],
			"to": [8.6, -4.875, 6.4],
			"rotation": {"angle": -22.5, "axis": "y", "origin": [8, -5.19836, 9]},
			"faces": {
				"north": {"uv": [9.025, 12.025, 15.975, 15.975], "texture": "#2"},
				"east": {"uv": [9.025, 12.025, 15.975, 15.975], "texture": "#2"},
				"south": {"uv": [9.025, 12.025, 15.975, 15.975], "texture": "#2"},
				"west": {"uv": [9.025, 12.025, 15.975, 15.975], "texture": "#2"},
				"up": {"uv": [9.025, 12.025, 15.975, 15.975], "texture": "#2"},
				"down": {"uv": [9.025, 12.025, 15.975, 15.975], "texture": "#2"}
			}
		},
		{
			"from": [8.6, -6.625, 6.4],
			"to": [8.6, -4.875, 9.6],
			"rotation": {"angle": -22.5, "axis": "y", "origin": [8, -5.19836, 9]},
			"faces": {
				"north": {"uv": [9.025, 12.025, 15.975, 15.975], "texture": "#2"},
				"east": {"uv": [9.025, 12.025, 15.975, 15.975], "texture": "#2"},
				"south": {"uv": [9.025, 12.025, 15.975, 15.975], "texture": "#2"},
				"west": {"uv": [9.025, 12.025, 15.975, 15.975], "texture": "#2"},
				"up": {"uv": [9.025, 12.025, 15.975, 15.975], "texture": "#2"},
				"down": {"uv": [9.025, 12.025, 15.975, 15.975], "texture": "#2"}
			}
		},
		{
			"from": [5.5, -7, 6.5],
			"to": [8.5, -4.5, 6.5],
			"rotation": {"angle": -22.5, "axis": "y", "origin": [8, -5.19836, 9]},
			"faces": {
				"north": {"uv": [0, 0, 6, 6], "texture": "#2"},
				"east": {"uv": [0, 0, 6, 6], "texture": "#2"},
				"south": {"uv": [0, 0, 6, 6], "texture": "#2"},
				"west": {"uv": [0, 0, 6, 6], "texture": "#2"},
				"up": {"uv": [0, 0, 6, 6], "texture": "#2"},
				"down": {"uv": [0, 0, 6, 6], "texture": "#2"}
			}
		},
		{
			"from": [5.5, -7, 9.5],
			"to": [8.5, -4.5, 9.5],
			"rotation": {"angle": -22.5, "axis": "y", "origin": [8, -5.19836, 9]},
			"faces": {
				"north": {"uv": [0, 0, 6, 6], "texture": "#2"},
				"east": {"uv": [0, 0, 6, 6], "texture": "#2"},
				"south": {"uv": [0, 0, 6, 6], "texture": "#2"},
				"west": {"uv": [0, 0, 6, 6], "texture": "#2"},
				"up": {"uv": [0, 0, 6, 6], "texture": "#2"},
				"down": {"uv": [0, 0, 6, 6], "texture": "#2"}
			}
		},
		{
			"from": [5.5, -7, 6.5],
			"to": [5.5, -4.5, 9.5],
			"rotation": {"angle": -22.5, "axis": "y", "origin": [8, -5.19836, 9]},
			"faces": {
				"north": {"uv": [0, 0, 6, 6], "texture": "#2"},
				"east": {"uv": [0, 0, 6, 6], "texture": "#2"},
				"south": {"uv": [0, 0, 6, 6], "texture": "#2"},
				"west": {"uv": [0, 0, 6, 6], "texture": "#2"},
				"up": {"uv": [0, 0, 6, 6], "rotation": 90, "texture": "#2"},
				"down": {"uv": [0, 0, 6, 6], "rotation": 270, "texture": "#2"}
			}
		},
		{
			"from": [8.5, -7, 6.5],
			"to": [8.5, -4.5, 9.5],
			"rotation": {"angle": -22.5, "axis": "y", "origin": [8, -5.19836, 9]},
			"faces": {
				"north": {"uv": [0, 0, 6, 6], "texture": "#2"},
				"east": {"uv": [0, 0, 6, 6], "texture": "#2"},
				"south": {"uv": [0, 0, 6, 6], "texture": "#2"},
				"west": {"uv": [0, 0, 6, 6], "texture": "#2"},
				"up": {"uv": [0, 0, 6, 6], "rotation": 90, "texture": "#2"},
				"down": {"uv": [0, 0, 6, 6], "rotation": 270, "texture": "#2"}
			}
		},
		{
			"from": [5.525, -6.75, 6.525],
			"to": [8.475, -4.75, 9.475],
			"rotation": {"angle": -22.5, "axis": "y", "origin": [8, -5.19836, 9]},
			"faces": {
				"north": {"uv": [0, 0, 6, 6], "texture": "#2"},
				"east": {"uv": [0, 0, 6, 6], "texture": "#2"},
				"south": {"uv": [0, 0, 6, 6], "texture": "#2"},
				"west": {"uv": [0, 0, 6, 6], "texture": "#2"},
				"up": {"uv": [0, 0, 6, 6], "texture": "#2"},
				"down": {"uv": [0, 0, 6, 6], "texture": "#2"}
			}
		},
		{
			"from": [6.5, -4.64672, 7.78489],
			"to": [7.5, -4.64672, 9.28489],
			"rotation": {"angle": -22.5, "axis": "y", "origin": [8, -5.19836, 9]},
			"faces": {
				"north": {"uv": [0.1, 8.1, 2.9, 12.9], "texture": "#2"},
				"east": {"uv": [0.1, 8.1, 2.9, 12.9], "texture": "#2"},
				"south": {"uv": [0.1, 8.1, 2.9, 12.9], "texture": "#2"},
				"west": {"uv": [0.1, 8.1, 2.9, 12.9], "texture": "#2"},
				"up": {"uv": [0.1, 8.1, 2.9, 12.9], "texture": "#2"},
				"down": {"uv": [0.1, 8.1, 2.9, 12.9], "texture": "#2"}
			}
		},
		{
			"from": [13.21576, -14.06739, 7.09408],
			"to": [13.21576, -10.86739, 10.59408],
			"rotation": {"angle": 22.5, "axis": "y", "origin": [4.61576, 10.28261, 7.81147]},
			"faces": {
				"north": {"uv": [9, 8, 16, 16], "texture": "#0"},
				"east": {"uv": [9, 8, 16, 16], "rotation": 90, "texture": "#0"},
				"south": {"uv": [9, 8, 16, 16], "rotation": 180, "texture": "#0"},
				"west": {"uv": [9, 8, 16, 16], "rotation": 270, "texture": "#0"},
				"up": {"uv": [9, 8, 16, 16], "texture": "#0"},
				"down": {"uv": [9, 8, 16, 16], "rotation": 180, "texture": "#0"}
			}
		},
		{
			"from": [10.01576, -14.06739, 7.09408],
			"to": [13.21576, -14.06739, 10.59408],
			"rotation": {"angle": 22.5, "axis": "y", "origin": [4.61576, 10.28261, 7.81147]},
			"faces": {
				"north": {"uv": [9, 8, 16, 16], "texture": "#0"},
				"east": {"uv": [9, 8, 16, 16], "rotation": 90, "texture": "#0"},
				"south": {"uv": [9, 8, 16, 16], "rotation": 180, "texture": "#0"},
				"west": {"uv": [9, 8, 16, 16], "rotation": 270, "texture": "#0"},
				"up": {"uv": [9, 8, 16, 16], "texture": "#0"},
				"down": {"uv": [9, 8, 16, 16], "rotation": 180, "texture": "#0"}
			}
		},
		{
			"from": [10.01576, -10.86739, 7.09408],
			"to": [13.21576, -10.86739, 10.59408],
			"rotation": {"angle": 22.5, "axis": "y", "origin": [4.61576, 10.28261, 7.81147]},
			"faces": {
				"north": {"uv": [9, 8, 16, 16], "texture": "#0"},
				"east": {"uv": [9, 8, 16, 16], "rotation": 90, "texture": "#0"},
				"south": {"uv": [9, 8, 16, 16], "rotation": 180, "texture": "#0"},
				"west": {"uv": [9, 8, 16, 16], "rotation": 270, "texture": "#0"},
				"up": {"uv": [9, 8, 16, 16], "texture": "#0"},
				"down": {"uv": [9, 8, 16, 16], "rotation": 180, "texture": "#0"}
			}
		},
		{
			"from": [10.01576, -14.06739, 7.09408],
			"to": [10.01576, -10.86739, 10.59408],
			"rotation": {"angle": 22.5, "axis": "y", "origin": [4.61576, 10.28261, 7.81147]},
			"faces": {
				"north": {"uv": [9, 8, 16, 16], "texture": "#0"},
				"east": {"uv": [9, 8, 16, 16], "rotation": 90, "texture": "#0"},
				"south": {"uv": [9, 8, 16, 16], "rotation": 180, "texture": "#0"},
				"west": {"uv": [9, 8, 16, 16], "rotation": 270, "texture": "#0"},
				"up": {"uv": [9, 8, 16, 16], "texture": "#0"},
				"down": {"uv": [9, 8, 16, 16], "rotation": 180, "texture": "#0"}
			}
		},
		{
			"from": [10.14076, -13.94239, 6.84408],
			"to": [13.09076, -10.99239, 10.84408],
			"rotation": {"angle": 22.5, "axis": "y", "origin": [4.61576, 10.28261, 7.81147]},
			"faces": {
				"north": {"uv": [0, 0, 6, 6], "texture": "#0"},
				"east": {"uv": [0, 0, 6, 8], "rotation": 90, "texture": "#0"},
				"south": {"uv": [0, 0, 6, 6], "rotation": 180, "texture": "#0"},
				"west": {"uv": [0, 0, 6, 8], "rotation": 270, "texture": "#0"},
				"up": {"uv": [0, 0, 6, 8], "texture": "#0"},
				"down": {"uv": [0, 0, 6, 8], "rotation": 180, "texture": "#0"}
			}
		},
		{
			"from": [13.11576, -13.96739, 6.59408],
			"to": [13.11576, -10.96739, 11.09408],
			"rotation": {"angle": 22.5, "axis": "y", "origin": [4.61576, 10.28261, 7.81147]},
			"faces": {
				"north": {"uv": [0, 0, 6, 6], "texture": "#0"},
				"east": {"uv": [0, 0, 6, 8], "rotation": 90, "texture": "#0"},
				"south": {"uv": [0, 0, 6, 6], "rotation": 180, "texture": "#0"},
				"west": {"uv": [0, 0, 6, 8], "rotation": 270, "texture": "#0"},
				"up": {"uv": [0, 0, 6, 8], "texture": "#0"},
				"down": {"uv": [0, 0, 6, 8], "rotation": 180, "texture": "#0"}
			}
		},
		{
			"from": [10.11576, -13.96739, 6.59408],
			"to": [10.11576, -10.96739, 11.09408],
			"rotation": {"angle": 22.5, "axis": "y", "origin": [4.61576, 10.28261, 7.81147]},
			"faces": {
				"north": {"uv": [0, 0, 6, 6], "texture": "#0"},
				"east": {"uv": [0, 0, 6, 8], "rotation": 90, "texture": "#0"},
				"south": {"uv": [0, 0, 6, 6], "rotation": 180, "texture": "#0"},
				"west": {"uv": [0, 0, 6, 8], "rotation": 270, "texture": "#0"},
				"up": {"uv": [0, 0, 6, 8], "texture": "#0"},
				"down": {"uv": [0, 0, 6, 8], "rotation": 180, "texture": "#0"}
			}
		},
		{
			"from": [10.11576, -13.96739, 6.59408],
			"to": [13.11576, -13.96739, 11.09408],
			"rotation": {"angle": 22.5, "axis": "y", "origin": [4.61576, 10.28261, 7.81147]},
			"faces": {
				"north": {"uv": [0, 0, 6, 6], "texture": "#0"},
				"east": {"uv": [0, 0, 6, 8], "rotation": 90, "texture": "#0"},
				"south": {"uv": [0, 0, 6, 6], "rotation": 180, "texture": "#0"},
				"west": {"uv": [0, 0, 6, 8], "rotation": 270, "texture": "#0"},
				"up": {"uv": [0, 0, 6, 8], "texture": "#0"},
				"down": {"uv": [0, 0, 6, 8], "rotation": 180, "texture": "#0"}
			}
		},
		{
			"from": [10.11576, -10.96739, 6.59408],
			"to": [13.11576, -10.96739, 11.09408],
			"rotation": {"angle": 22.5, "axis": "y", "origin": [4.61576, 10.28261, 7.81147]},
			"faces": {
				"north": {"uv": [0, 0, 6, 6], "texture": "#0"},
				"east": {"uv": [0, 0, 6, 8], "rotation": 90, "texture": "#0"},
				"south": {"uv": [0, 0, 6, 6], "rotation": 180, "texture": "#0"},
				"west": {"uv": [0, 0, 6, 8], "rotation": 270, "texture": "#0"},
				"up": {"uv": [0, 0, 6, 8], "texture": "#0"},
				"down": {"uv": [0, 0, 6, 8], "rotation": 180, "texture": "#0"}
			}
		},
		{
			"from": [11.11576, -13.94362, 6.77887],
			"to": [12.11576, -12.44362, 6.77887],
			"rotation": {"angle": 22.5, "axis": "y", "origin": [4.61576, 10.28261, 7.81147]},
			"faces": {
				"north": {"uv": [0.1, 8.1, 2.9, 12.9], "texture": "#0"},
				"east": {"uv": [0.1, 8.1, 2.9, 12.9], "rotation": 90, "texture": "#0"},
				"south": {"uv": [0.1, 8.1, 2.9, 12.9], "rotation": 180, "texture": "#0"},
				"west": {"uv": [0.1, 8.1, 2.9, 12.9], "rotation": 270, "texture": "#0"},
				"up": {"uv": [0.1, 8.1, 2.9, 12.9], "texture": "#0"},
				"down": {"uv": [0.1, 8.1, 2.9, 12.9], "rotation": 180, "texture": "#0"}
			}
		},
		{
			"from": [3.93912, -13.5, 6.71703],
			"to": [3.93912, -11, 9.91703],
			"rotation": {"angle": 0, "axis": "y", "origin": [3.53912, -11.45788, 8.31703]},
			"faces": {
				"north": {"uv": [3.1, 10.1, 9.9, 15.9], "texture": "#1"},
				"east": {"uv": [3.1, 10.1, 9.9, 15.9], "texture": "#1"},
				"south": {"uv": [3.1, 10.1, 9.9, 15.9], "texture": "#1"},
				"west": {"uv": [3.1, 10.1, 9.9, 15.9], "texture": "#1"},
				"up": {"uv": [3.1, 10.1, 9.9, 15.9], "texture": "#1"},
				"down": {"uv": [3.1, 10.1, 9.9, 15.9], "texture": "#1"}
			}
		},
		{
			"from": [3.93912, -13.5, 9.91703],
			"to": [7.13912, -11, 9.91703],
			"rotation": {"angle": 0, "axis": "y", "origin": [3.53912, -11.45788, 8.31703]},
			"faces": {
				"north": {"uv": [3.1, 10.1, 9.9, 15.9], "texture": "#1"},
				"east": {"uv": [3.1, 10.1, 9.9, 15.9], "texture": "#1"},
				"south": {"uv": [3.1, 10.1, 9.9, 15.9], "texture": "#1"},
				"west": {"uv": [3.1, 10.1, 9.9, 15.9], "texture": "#1"},
				"up": {"uv": [3.1, 10.1, 9.9, 15.9], "texture": "#1"},
				"down": {"uv": [3.1, 10.1, 9.9, 15.9], "texture": "#1"}
			}
		},
		{
			"from": [3.93912, -13.5, 6.71703],
			"to": [7.13912, -11, 6.71703],
			"rotation": {"angle": 0, "axis": "y", "origin": [3.53912, -11.45788, 8.31703]},
			"faces": {
				"north": {"uv": [3.1, 10.1, 9.9, 15.9], "texture": "#1"},
				"east": {"uv": [3.1, 10.1, 9.9, 15.9], "texture": "#1"},
				"south": {"uv": [3.1, 10.1, 9.9, 15.9], "texture": "#1"},
				"west": {"uv": [3.1, 10.1, 9.9, 15.9], "texture": "#1"},
				"up": {"uv": [3.1, 10.1, 9.9, 15.9], "texture": "#1"},
				"down": {"uv": [3.1, 10.1, 9.9, 15.9], "texture": "#1"}
			}
		},
		{
			"from": [7.13912, -13.5, 6.71703],
			"to": [7.13912, -11, 9.91703],
			"rotation": {"angle": 0, "axis": "y", "origin": [3.53912, -11.45788, 8.31703]},
			"faces": {
				"north": {"uv": [3.1, 10.1, 9.9, 15.9], "texture": "#1"},
				"east": {"uv": [3.1, 10.1, 9.9, 15.9], "texture": "#1"},
				"south": {"uv": [3.1, 10.1, 9.9, 15.9], "texture": "#1"},
				"west": {"uv": [3.1, 10.1, 9.9, 15.9], "texture": "#1"},
				"up": {"uv": [3.1, 10.1, 9.9, 15.9], "texture": "#1"},
				"down": {"uv": [3.1, 10.1, 9.9, 15.9], "texture": "#1"}
			}
		},
		{
			"from": [4.03912, -14, 6.81703],
			"to": [7.03912, -10.5, 6.81703],
			"rotation": {"angle": 0, "axis": "y", "origin": [3.53912, -11.45788, 8.31703]},
			"faces": {
				"north": {"uv": [0, 0, 6, 6], "texture": "#1"},
				"east": {"uv": [0, 0, 6, 6], "texture": "#1"},
				"south": {"uv": [0, 0, 6, 6], "texture": "#1"},
				"west": {"uv": [0, 0, 6, 6], "texture": "#1"},
				"up": {"uv": [0, 0, 6, 6], "texture": "#1"},
				"down": {"uv": [0, 0, 6, 6], "texture": "#1"}
			}
		},
		{
			"from": [4.03912, -14, 9.81703],
			"to": [7.03912, -10.5, 9.81703],
			"rotation": {"angle": 0, "axis": "y", "origin": [3.53912, -11.45788, 8.31703]},
			"faces": {
				"north": {"uv": [0, 0, 6, 6], "texture": "#1"},
				"east": {"uv": [0, 0, 6, 6], "texture": "#1"},
				"south": {"uv": [0, 0, 6, 6], "texture": "#1"},
				"west": {"uv": [0, 0, 6, 6], "texture": "#1"},
				"up": {"uv": [0, 0, 6, 6], "texture": "#1"},
				"down": {"uv": [0, 0, 6, 6], "texture": "#1"}
			}
		},
		{
			"from": [4.03912, -14, 6.81703],
			"to": [4.03912, -10.5, 9.81703],
			"rotation": {"angle": 0, "axis": "y", "origin": [3.53912, -11.45788, 8.31703]},
			"faces": {
				"north": {"uv": [0, 0, 6, 6], "texture": "#1"},
				"east": {"uv": [0, 0, 6, 6], "texture": "#1"},
				"south": {"uv": [0, 0, 6, 6], "texture": "#1"},
				"west": {"uv": [0, 0, 6, 6], "texture": "#1"},
				"up": {"uv": [0, 0, 6, 6], "rotation": 90, "texture": "#1"},
				"down": {"uv": [0, 0, 6, 6], "rotation": 270, "texture": "#1"}
			}
		},
		{
			"from": [7.03912, -14, 6.81703],
			"to": [7.03912, -10.5, 9.81703],
			"rotation": {"angle": 0, "axis": "y", "origin": [3.53912, -11.45788, 8.31703]},
			"faces": {
				"north": {"uv": [0, 0, 6, 6], "texture": "#1"},
				"east": {"uv": [0, 0, 6, 6], "texture": "#1"},
				"south": {"uv": [0, 0, 6, 6], "texture": "#1"},
				"west": {"uv": [0, 0, 6, 6], "texture": "#1"},
				"up": {"uv": [0, 0, 6, 6], "rotation": 90, "texture": "#1"},
				"down": {"uv": [0, 0, 6, 6], "rotation": 270, "texture": "#1"}
			}
		},
		{
			"from": [4.06412, -13.75, 6.84203],
			"to": [7.01412, -10.75, 9.79203],
			"rotation": {"angle": 0, "axis": "y", "origin": [3.53912, -11.45788, 8.31703]},
			"faces": {
				"north": {"uv": [0, 0, 6, 6], "texture": "#1"},
				"east": {"uv": [0, 0, 6, 6], "texture": "#1"},
				"south": {"uv": [0, 0, 6, 6], "texture": "#1"},
				"west": {"uv": [0, 0, 6, 6], "texture": "#1"},
				"up": {"uv": [0, 0, 6, 6], "texture": "#1"},
				"down": {"uv": [0, 0, 6, 6], "texture": "#1"}
			}
		},
		{
			"from": [5.03912, -10.66575, 8.19758],
			"to": [6.03912, -10.66575, 9.69758],
			"rotation": {"angle": 0, "axis": "y", "origin": [3.53912, -11.45788, 8.31703]},
			"faces": {
				"north": {"uv": [0.1, 8.1, 2.9, 12.9], "texture": "#1"},
				"east": {"uv": [0.1, 8.1, 2.9, 12.9], "texture": "#1"},
				"south": {"uv": [0.1, 8.1, 2.9, 12.9], "texture": "#1"},
				"west": {"uv": [0.1, 8.1, 2.9, 12.9], "texture": "#1"},
				"up": {"uv": [0.1, 8.1, 2.9, 12.9], "texture": "#1"},
				"down": {"uv": [0.1, 8.1, 2.9, 12.9], "texture": "#1"}
			}
		}
	],
	"display": {
		"thirdperson_righthand": {
			"rotation": [0, 33, 0],
			"translation": [0, 3.25, 0],
			"scale": [0.30273, 0.30273, 0.30273]
		},
		"thirdperson_lefthand": {
			"rotation": [0, 33, 0],
			"translation": [0, 3.25, 0],
			"scale": [0.30273, 0.30273, 0.30273]
		},
		"firstperson_righthand": {
			"rotation": [0, 120, 0],
			"translation": [0, 4.25, 0.5],
			"scale": [0.30273, 0.30273, 0.30273]
		},
		"firstperson_lefthand": {
			"rotation": [0, 120, 0],
			"translation": [0, 4.25, 0.5],
			"scale": [0.30273, 0.30273, 0.30273]
		},
		"ground": {
			"translation": [0, 6.5, 0],
			"scale": [0.36523, 0.36523, 0.36523]
		},
		"gui": {
			"rotation": [23, 34, 0],
			"translation": [0, 3.5, 0],
			"scale": [0.42969, 0.42969, 0.42969]
		},
		"head": {
			"translation": [0, 1, 12],
			"scale": [1.70508, 1.70508, 1.70508]
		},
		"fixed": {
			"rotation": [-90, 0, 0],
			"translation": [0.5, 0, -45.25],
			"scale": [1.89063, 1.89063, 1.89063]
		}
	},
	"groups": [
		{
			"name": "group",
			"origin": [0, 0, 0],
			"color": 0,
			"nbt": "{}",
			"armAnimationEnabled": false,
			"children": [0, 1, 2, 3, 4, 5, 6, 7, 8]
		},
		{
			"name": "group",
			"origin": [8, 8, 8],
			"color": 0,
			"nbt": "{}",
			"armAnimationEnabled": false,
			"children": [
				{
					"name": "group",
					"origin": [0, 0, 0],
					"color": 0,
					"nbt": "{}",
					"armAnimationEnabled": false,
					"children": [9, 10, 11, 12, 13, 14]
				}
			]
		},
		{
			"name": "group",
			"origin": [8, 8, 8],
			"color": 0,
			"nbt": "{}",
			"armAnimationEnabled": false,
			"children": [
				{
					"name": "group",
					"origin": [0, 0, 0],
					"color": 0,
					"nbt": "{}",
					"armAnimationEnabled": false,
					"children": [15, 16, 17, 18]
				},
				{
					"name": "group",
					"origin": [0, 0, 0],
					"color": 0,
					"nbt": "{}",
					"armAnimationEnabled": false,
					"children": [19, 20, 21, 22, 23, 24]
				}
			]
		},
		{
			"name": "group",
			"origin": [8, 8, 8],
			"color": 0,
			"nbt": "{}",
			"armAnimationEnabled": false,
			"children": [
				{
					"name": "group",
					"origin": [0, 0, 0],
					"color": 0,
					"nbt": "{}",
					"armAnimationEnabled": false,
					"children": [25, 26, 27, 28, 29, 30]
				}
			]
		},
		{
			"name": "group",
			"origin": [8, 8, 8],
			"color": 0,
			"nbt": "{}",
			"armAnimationEnabled": false,
			"children": [
				{
					"name": "group",
					"origin": [0, 0, 0],
					"color": 0,
					"nbt": "{}",
					"armAnimationEnabled": false,
					"children": [31, 32, 33, 34]
				},
				{
					"name": "group",
					"origin": [0, 0, 0],
					"color": 0,
					"nbt": "{}",
					"armAnimationEnabled": false,
					"children": [35, 36, 37, 38, 39, 40]
				}
			]
		},
		{
			"name": "group",
			"origin": [8, 8, 8],
			"color": 0,
			"nbt": "{}",
			"armAnimationEnabled": false,
			"children": [
				{
					"name": "group",
					"origin": [0, 0, 0],
					"color": 0,
					"nbt": "{}",
					"armAnimationEnabled": false,
					"children": [41, 42, 43, 44]
				},
				{
					"name": "group",
					"origin": [0, 0, 0],
					"color": 0,
					"nbt": "{}",
					"armAnimationEnabled": false,
					"children": [45, 46, 47, 48, 49, 50]
				}
			]
		},
		{
			"name": "group",
			"origin": [8, 8, 8],
			"color": 0,
			"nbt": "{}",
			"armAnimationEnabled": false,
			"children": [
				{
					"name": "group",
					"origin": [0, 0, 0],
					"color": 0,
					"nbt": "{}",
					"armAnimationEnabled": false,
					"children": [51, 52, 53, 54]
				},
				{
					"name": "group",
					"origin": [0, 0, 0],
					"color": 0,
					"nbt": "{}",
					"armAnimationEnabled": false,
					"children": [55, 56, 57, 58, 59, 60]
				}
			]
		},
		{
			"name": "group",
			"origin": [8, 8, 8],
			"color": 0,
			"nbt": "{}",
			"armAnimationEnabled": false,
			"children": [
				{
					"name": "group",
					"origin": [0, 0, 0],
					"color": 0,
					"nbt": "{}",
					"armAnimationEnabled": false,
					"children": [61, 62, 63, 64]
				},
				{
					"name": "group",
					"origin": [0, 0, 0],
					"color": 0,
					"nbt": "{}",
					"armAnimationEnabled": false,
					"children": [65, 66, 67, 68, 69, 70]
				}
			]
		}
	]
}