{
	"credit": "Made with Blockbench",
	"textures": {
		"0": "pixel_guns:block/1",
		"1": "pixel_guns:block/iron_block",
		"2": "pixel_guns:block/2",
		"3": "pixel_guns:block/red_wool",
		"4": "pixel_guns:block/controller1",
		"5": "pixel_guns:block/3",
		"particle": "pixel_guns:block/1"
	},
	"elements": [
		{
			"from": [1.28, 2.181, 10.16354],
			"to": [14.72, 2.181, 16.88354],
			"rotation": {"angle": -22.5, "axis": "x", "origin": [8, 2.67784, 8]},
			"faces": {
				"north": {"uv": [0, 16, 16, 0], "rotation": 90, "texture": "#0"},
				"east": {"uv": [0, 16, 16, 0], "rotation": 90, "texture": "#0"},
				"south": {"uv": [0, 16, 16, 0], "rotation": 90, "texture": "#0"},
				"west": {"uv": [0, 16, 16, 0], "rotation": 90, "texture": "#0"},
				"up": {"uv": [16, 0, 0, 16], "rotation": 180, "texture": "#0"}
			}
		},
		{
			"from": [16.35464, -0.15133, -4.38],
			"to": [22.07464, -0.15133, 8.06],
			"rotation": {"angle": 22.5, "axis": "z", "origin": [8, 2.67784, 8]},
			"faces": {
				"north": {"uv": [16, 0, 0, 16], "texture": "#2"},
				"east": {"uv": [16, 0, 0, 16], "texture": "#2"},
				"south": {"uv": [16, 0, 0, 16], "texture": "#2"},
				"west": {"uv": [16, 0, 0, 16], "texture": "#2"},
				"up": {"uv": [16, 0, 0, 16], "rotation": 90, "texture": "#2"}
			}
		},
		{
			"from": [-6.07464, -0.17633, -4.38],
			"to": [-0.35464, -0.17633, 8.06],
			"rotation": {"angle": -22.5, "axis": "z", "origin": [8, 2.67784, 8]},
			"faces": {
				"north": {"uv": [16, 0, 0, 16], "rotation": 180, "texture": "#5"},
				"east": {"uv": [16, 0, 0, 16], "rotation": 180, "texture": "#5"},
				"south": {"uv": [16, 0, 0, 16], "rotation": 180, "texture": "#5"},
				"west": {"uv": [16, 0, 0, 16], "rotation": 180, "texture": "#5"},
				"up": {"uv": [16, 0, 0, 16], "rotation": 270, "texture": "#5"}
			}
		},
		{
			"from": [15.85464, -4.68133, -4.88],
			"to": [22.57464, -0.20133, 8.56],
			"rotation": {"angle": 22.5, "axis": "z", "origin": [8, 2.67784, 8]},
			"faces": {
				"north": {"uv": [8, 0, 0, 5], "texture": "#1"},
				"east": {"uv": [16, 0, 0, 5], "texture": "#1"},
				"south": {"uv": [8, 0, 0, 5], "texture": "#1"},
				"west": {"uv": [16, 0, 0, 5], "texture": "#1"},
				"up": {"uv": [16, 0, 0, 8], "rotation": 90, "texture": "#1"},
				"down": {"uv": [16, 0, 0, 8], "rotation": 270, "texture": "#1"}
			}
		},
		{
			"from": [7.15546, -0.056, 12.76341],
			"to": [17.57146, 2.968, 19.48341],
			"rotation": {"angle": 45, "axis": "y", "origin": [8, 2.67784, 8]},
			"faces": {
				"north": {"uv": [14, 2, 1, 6], "texture": "#1"},
				"east": {"uv": [10, 2, 1, 6], "texture": "#1"},
				"south": {"uv": [14, 2, 1, 6], "texture": "#1"},
				"west": {"uv": [10, 2, 1, 6], "texture": "#1"},
				"up": {"uv": [1, 10, 14, 2], "rotation": 180, "texture": "#1"},
				"down": {"uv": [1, 10, 14, 2], "texture": "#1"}
			}
		},
		{
			"from": [-6.57464, -4.68133, -4.88],
			"to": [0.14536, -0.20133, 8.56],
			"rotation": {"angle": -22.5, "axis": "z", "origin": [8, 2.67784, 8]},
			"faces": {
				"north": {"uv": [8, 0, 0, 5], "texture": "#1"},
				"east": {"uv": [16, 0, 0, 5], "texture": "#1"},
				"south": {"uv": [8, 0, 0, 5], "texture": "#1"},
				"west": {"uv": [16, 0, 0, 5], "texture": "#1"},
				"up": {"uv": [16, 0, 0, 8], "rotation": 270, "texture": "#1"},
				"down": {"uv": [16, 0, 0, 8], "rotation": 90, "texture": "#1"}
			}
		},
		{
			"from": [-3.48341, -0.056, -1.5561],
			"to": [3.23659, 2.968, 8.8599],
			"rotation": {"angle": 45, "axis": "y", "origin": [8, 2.67784, 8]},
			"faces": {
				"north": {"uv": [10, 2, 1, 6], "texture": "#1"},
				"east": {"uv": [14, 2, 1, 6], "texture": "#1"},
				"south": {"uv": [10, 2, 1, 6], "texture": "#1"},
				"west": {"uv": [14, 2, 1, 6], "texture": "#1"},
				"up": {"uv": [14, 2, 1, 10], "rotation": 90, "texture": "#1"},
				"down": {"uv": [14, 2, 1, 10], "rotation": 90, "texture": "#1"}
			}
		},
		{
			"from": [1.28, -2.324, 10.16354],
			"to": [14.72, 2.156, 16.88354],
			"rotation": {"angle": -22.5, "axis": "x", "origin": [8, 2.67784, 8]},
			"faces": {
				"north": {"uv": [16, 0, 0, 5], "texture": "#1"},
				"east": {"uv": [0, 8, 5, 0], "rotation": 90, "texture": "#1"},
				"south": {"uv": [16, 0, 0, 5], "texture": "#1"},
				"west": {"uv": [0, 8, 5, 0], "rotation": 90, "texture": "#1"},
				"up": {"uv": [0, 8, 16, 0], "rotation": 180, "texture": "#1"},
				"down": {"uv": [0, 8, 16, 0], "texture": "#1"}
			}
		},
		{
			"from": [11.1, 3.31767, 8.76799],
			"to": [11.4, 3.61767, 10.76799],
			"rotation": {"angle": 22.5, "axis": "x", "origin": [8, 2.67784, 8]},
			"faces": {
				"north": {"uv": [3, 4, 2, 5], "texture": "#4"},
				"east": {"uv": [3, 4, 2, 5], "texture": "#4"},
				"south": {"uv": [3, 4, 2, 5], "texture": "#4"},
				"west": {"uv": [3, 4, 2, 5], "texture": "#4"},
				"up": {"uv": [3, 4, 2, 5], "rotation": 90, "texture": "#4"},
				"down": {"uv": [3, 4, 2, 5], "rotation": 270, "texture": "#4"}
			}
		},
		{
			"from": [9.75, 1.96767, 8.76799],
			"to": [12.75, 4.96767, 8.76799],
			"rotation": {"angle": 22.5, "axis": "x", "origin": [8, 2.67784, 8]},
			"faces": {
				"north": {"uv": [16, 0, 0, 16], "texture": "#4"},
				"south": {"uv": [16, 0, 0, 16], "texture": "#4"},
				"west": {"uv": [16, 0, 0, 16], "texture": "#4"},
				"up": {"uv": [16, 0, 0, 16], "rotation": 90, "texture": "#4"},
				"down": {"uv": [16, 0, 0, 16], "rotation": 270, "texture": "#4"}
			}
		},
		{
			"from": [4.1, 3.31767, 8.76799],
			"to": [4.4, 3.61767, 10.76799],
			"rotation": {"angle": 22.5, "axis": "x", "origin": [8, 2.67784, 8]},
			"faces": {
				"north": {"uv": [3, 4, 2, 5], "texture": "#4"},
				"east": {"uv": [3, 4, 2, 5], "texture": "#4"},
				"south": {"uv": [3, 4, 2, 5], "texture": "#4"},
				"west": {"uv": [3, 4, 2, 5], "texture": "#4"},
				"up": {"uv": [3, 4, 2, 5], "rotation": 90, "texture": "#4"},
				"down": {"uv": [3, 4, 2, 5], "rotation": 270, "texture": "#4"}
			}
		},
		{
			"from": [2.75, 1.96767, 8.76799],
			"to": [5.75, 4.96767, 8.76799],
			"rotation": {"angle": 22.5, "axis": "x", "origin": [8, 2.67784, 8]},
			"faces": {
				"north": {"uv": [16, 0, 0, 16], "texture": "#4"},
				"south": {"uv": [16, 0, 0, 16], "texture": "#4"},
				"west": {"uv": [16, 0, 0, 16], "texture": "#4"},
				"up": {"uv": [16, 0, 0, 16], "rotation": 90, "texture": "#4"},
				"down": {"uv": [16, 0, 0, 16], "rotation": 270, "texture": "#4"}
			}
		},
		{
			"from": [2.4, 0, 3.84],
			"to": [6.4, 2, 7.84],
			"rotation": {"angle": 0, "axis": "y", "origin": [8, 2.67784, 8]},
			"faces": {
				"north": {"uv": [4, 0, 0, 2], "texture": "#3"},
				"east": {"uv": [4, 0, 0, 2], "texture": "#3"},
				"south": {"uv": [4, 0, 0, 2], "texture": "#3"},
				"west": {"uv": [4, 0, 0, 2], "texture": "#3"},
				"up": {"uv": [4, 0, 0, 4], "rotation": 90, "texture": "#3"},
				"down": {"uv": [4, 0, 0, 4], "rotation": 270, "texture": "#3"}
			}
		},
		{
			"from": [2.4, 1.95431, 2.86234],
			"to": [6.4, 5.95431, 4.36234],
			"rotation": {"angle": -22.5, "axis": "x", "origin": [8, 2.67784, 8]},
			"faces": {
				"north": {"uv": [0, 4, 4, 0], "rotation": 270, "texture": "#3"},
				"east": {"uv": [0, 1.5, 4, 0], "rotation": 90, "texture": "#3"},
				"south": {"uv": [0, 4, 4, 0], "rotation": 270, "texture": "#3"},
				"west": {"uv": [0, 1.5, 4, 0], "rotation": 270, "texture": "#3"},
				"up": {"uv": [0, 1.5, 4, 0], "texture": "#3"},
				"down": {"uv": [0, 1.5, 4, 0], "rotation": 180, "texture": "#3"}
			}
		},
		{
			"from": [6.44656, -0.40302, 3.84],
			"to": [7.94656, 2.59698, 7.84],
			"rotation": {"angle": -22.5, "axis": "z", "origin": [8, 2.67784, 8]},
			"faces": {
				"north": {"uv": [0, 1.5, 3, 0], "rotation": 270, "texture": "#3"},
				"east": {"uv": [4, 0, 0, 3], "rotation": 180, "texture": "#3"},
				"south": {"uv": [0, 1.5, 3, 0], "rotation": 90, "texture": "#3"},
				"west": {"uv": [4, 0, 0, 3], "texture": "#3"},
				"up": {"uv": [4, 0, 0, 1.5], "rotation": 270, "texture": "#3"},
				"down": {"uv": [4, 0, 0, 1.5], "rotation": 270, "texture": "#3"}
			}
		},
		{
			"from": [1.44175, 2.33563, 3.84],
			"to": [2.94175, 5.33563, 7.84],
			"rotation": {"angle": 22.5, "axis": "z", "origin": [8, 2.67784, 8]},
			"faces": {
				"north": {"uv": [0, 1.5, 3, 0], "rotation": 270, "texture": "#3"},
				"east": {"uv": [4, 0, 0, 3], "rotation": 180, "texture": "#3"},
				"south": {"uv": [0, 1.5, 3, 0], "rotation": 90, "texture": "#3"},
				"west": {"uv": [4, 0, 0, 3], "texture": "#3"},
				"up": {"uv": [4, 0, 0, 1.5], "rotation": 270, "texture": "#3"},
				"down": {"uv": [4, 0, 0, 1.5], "rotation": 270, "texture": "#3"}
			}
		},
		{
			"from": [9.4, 0, 3.84],
			"to": [13.4, 2, 7.84],
			"rotation": {"angle": 0, "axis": "y", "origin": [8, 2.67784, 8]},
			"faces": {
				"north": {"uv": [4, 0, 0, 2], "texture": "#3"},
				"east": {"uv": [4, 0, 0, 2], "texture": "#3"},
				"south": {"uv": [4, 0, 0, 2], "texture": "#3"},
				"west": {"uv": [4, 0, 0, 2], "texture": "#3"},
				"up": {"uv": [4, 0, 0, 4], "rotation": 90, "texture": "#3"},
				"down": {"uv": [4, 0, 0, 4], "rotation": 270, "texture": "#3"}
			}
		},
		{
			"from": [9.4, 1.95431, 2.86234],
			"to": [13.4, 5.95431, 4.36234],
			"rotation": {"angle": -22.5, "axis": "x", "origin": [8, 2.67784, 8]},
			"faces": {
				"north": {"uv": [0, 4, 4, 0], "rotation": 270, "texture": "#3"},
				"east": {"uv": [0, 1.5, 4, 0], "rotation": 90, "texture": "#3"},
				"south": {"uv": [0, 4, 4, 0], "rotation": 270, "texture": "#3"},
				"west": {"uv": [0, 1.5, 4, 0], "rotation": 270, "texture": "#3"},
				"up": {"uv": [0, 1.5, 4, 0], "texture": "#3"},
				"down": {"uv": [0, 1.5, 4, 0], "rotation": 180, "texture": "#3"}
			}
		},
		{
			"from": [12.91372, 2.27577, 3.84],
			"to": [14.41372, 5.27577, 7.84],
			"rotation": {"angle": -22.5, "axis": "z", "origin": [8, 2.67784, 8]},
			"faces": {
				"north": {"uv": [0, 1.5, 3, 0], "rotation": 270, "texture": "#3"},
				"east": {"uv": [4, 0, 0, 3], "rotation": 180, "texture": "#3"},
				"south": {"uv": [0, 1.5, 3, 0], "rotation": 90, "texture": "#3"},
				"west": {"uv": [4, 0, 0, 3], "texture": "#3"},
				"up": {"uv": [4, 0, 0, 1.5], "rotation": 270, "texture": "#3"},
				"down": {"uv": [4, 0, 0, 1.5], "rotation": 270, "texture": "#3"}
			}
		},
		{
			"from": [7.90891, -0.34315, 3.84],
			"to": [9.40891, 2.65685, 7.84],
			"rotation": {"angle": 22.5, "axis": "z", "origin": [8, 2.67784, 8]},
			"faces": {
				"north": {"uv": [0, 1.5, 3, 0], "rotation": 270, "texture": "#3"},
				"east": {"uv": [4, 0, 0, 3], "rotation": 180, "texture": "#3"},
				"south": {"uv": [0, 1.5, 3, 0], "rotation": 90, "texture": "#3"},
				"west": {"uv": [4, 0, 0, 3], "texture": "#3"},
				"up": {"uv": [4, 0, 0, 1.5], "rotation": 270, "texture": "#3"},
				"down": {"uv": [4, 0, 0, 1.5], "rotation": 270, "texture": "#3"}
			}
		}
	],
	"display": {
		"thirdperson_righthand": {
			"rotation": [67.5, 180, 0],
			"translation": [0, 2.5, 1],
			"scale": [0.4, 0.4, 0.4]
		},
		"thirdperson_lefthand": {
			"rotation": [67.5, 180, 0],
			"translation": [0, 2.5, 1],
			"scale": [0.4, 0.4, 0.4]
		},
		"firstperson_righthand": {
			"rotation": [0, 180, 0],
			"translation": [0, 3, 1],
			"scale": [0.4, 0.4, 0.4]
		},
		"firstperson_lefthand": {
			"rotation": [0, 180, 0],
			"translation": [0, 3, 1],
			"scale": [0.4, 0.4, 0.4]
		},
		"ground": {
			"translation": [0, 2.5, 0],
			"scale": [0.4, 0.4, 0.4]
		},
		"gui": {
			"rotation": [30, -45, 0],
			"translation": [-1.75, 1, 0],
			"scale": [0.45, 0.45, 0.45]
		},
		"head": {
			"rotation": [0, 180, 0],
			"translation": [14.5, 0, -11],
			"scale": [4, 4, 4]
		},
		"fixed": {
			"rotation": [-90, 180, 0],
			"translation": [0, -1.5, -2.5],
			"scale": [0.4, 0.4, 0.4]
		}
	},
	"groups": [
		{
			"name": "ufo_interior",
			"origin": [6.16, 8, 8],
			"color": 0,
			"children": [
				{
					"name": "group",
					"origin": [6.16, 8, 8],
					"color": 0,
					"children": [0, 1, 2]
				},
				{
					"name": "group",
					"origin": [6.16, 1.848, 8],
					"color": 0,
					"children": [3, 4, 5, 6, 7]
				},
				{
					"name": "group",
					"origin": [6.16, 8, 8],
					"color": 0,
					"children": [
						{
							"name": "group",
							"origin": [-1.84, 2.5, 4.75],
							"color": 0,
							"children": [8, 9]
						},
						{
							"name": "group",
							"origin": [-1.84, 2.5, 4.75],
							"color": 0,
							"children": [10, 11]
						}
					]
				},
				{
					"name": "group",
					"origin": [6.16, 8, 8],
					"color": 0,
					"children": [
						{
							"name": "group",
							"origin": [2.16, 1.62045, 13.57822],
							"color": 0,
							"children": [12, 13, 14, 15]
						},
						{
							"name": "group",
							"origin": [6.16, 8, 8],
							"color": 0,
							"children": [16, 17, 18, 19]
						}
					]
				}
			]
		}
	]
}