{
	"credit": "Made with Blockbench",
	"texture_size": [64, 64],
	"textures": {
		"0": "./bed",
		"1": "./wrap",
		"particle": "./bed"
	},
	"elements": [
		{
			"from": [1, 1, 3],
			"to": [14, 3, 29],
			"faces": {
				"north": {"uv": [0, 0.75, 3.75, 1.5], "texture": "#0"},
				"east": {"uv": [0, 0, 0.75, 7.9375], "rotation": 270, "texture": "#0"},
				"south": {"uv": [0, 0.75, 3.75, 1.5], "texture": "#0"},
				"west": {"uv": [0, 0, 0.75, 7.9375], "rotation": 270, "texture": "#0"},
				"up": {"uv": [0, 0, 3.75, 7.9375], "texture": "#0"},
				"down": {"uv": [0, 0, 3.75, 7.9375], "texture": "#0"}
			}
		},
		{
			"from": [1.5, 3, 3],
			"to": [13.5, 5, 29],
			"faces": {
				"north": {"uv": [0.25, 8.75, 3.75, 9.5], "texture": "#0"},
				"east": {"uv": [0.25, 8.0625, 1, 15.75], "rotation": 90, "texture": "#0"},
				"south": {"uv": [0.25, 8.75, 3.75, 9.5], "texture": "#0"},
				"west": {"uv": [0.25, 8.0625, 1, 15.75], "rotation": 90, "texture": "#0"},
				"up": {"uv": [1, 8.0625, 4.5, 15.75], "texture": "#0"},
				"down": {"uv": [0.25, 8.0625, 3.75, 15.75], "texture": "#0"}
			}
		},
		{
			"from": [1, 3, 7.5],
			"to": [14, 5.5, 11.5],
			"faces": {
				"north": {"uv": [0, 0, 12.5, 2.25], "texture": "#1"},
				"east": {"uv": [0, 0, 4, 2.25], "texture": "#1"},
				"south": {"uv": [0, 0, 12.5, 2.25], "texture": "#1"},
				"west": {"uv": [0, 0, 4, 2.25], "texture": "#1"},
				"up": {"uv": [0, 0, 12.5, 4], "texture": "#1"},
				"down": {"uv": [0, 0, 12.5, 4], "texture": "#1"}
			}
		},
		{
			"from": [3.25, 1.25, 2.75],
			"to": [11.75, 3.5, 6.75],
			"rotation": {"angle": 45, "axis": "x", "origin": [7.5, 4.125, 9.5]},
			"faces": {
				"north": {"uv": [8, 0, 9.5, 16], "rotation": 90, "texture": "#0"},
				"east": {"uv": [8, 0, 16, 1.5], "texture": "#0"},
				"south": {"uv": [8, 0, 9.5, 16], "rotation": 90, "texture": "#0"},
				"west": {"uv": [8, 0, 16, 1.5], "texture": "#0"},
				"up": {"uv": [8, 0, 16, 16], "rotation": 90, "texture": "#0"},
				"down": {"uv": [8, 0, 16, 16], "rotation": 90, "texture": "#0"}
			}
		},
		{
			"from": [1, 0, 29],
			"to": [4, 6, 31],
			"faces": {
				"north": {"uv": [0, 0.25, 1, 2.25], "texture": "#0"},
				"east": {"uv": [0, 0.25, 0.75, 2.25], "texture": "#0"},
				"south": {"uv": [0, 0.25, 1, 2.25], "texture": "#0"},
				"west": {"uv": [0, 0.25, 0.75, 2.25], "texture": "#0"},
				"up": {"uv": [0, 0.25, 1, 1], "texture": "#0"},
				"down": {"uv": [0, 0.25, 1, 1], "texture": "#0"}
			}
		},
		{
			"from": [11, 0, 29],
			"to": [14, 6, 31],
			"faces": {
				"north": {"uv": [0, 0.25, 1, 2.25], "texture": "#0"},
				"east": {"uv": [0, 0.25, 0.75, 2.25], "texture": "#0"},
				"south": {"uv": [0, 0.25, 1, 2.25], "texture": "#0"},
				"west": {"uv": [0, 0.25, 0.75, 2.25], "texture": "#0"},
				"up": {"uv": [0, 0.25, 1, 1], "texture": "#0"},
				"down": {"uv": [0, 0.25, 1, 1], "texture": "#0"}
			}
		},
		{
			"from": [0, 6, 29],
			"to": [15, 8, 32],
			"faces": {
				"north": {"uv": [0, 0, 5.25, 0.75], "texture": "#0"},
				"east": {"uv": [1.75, 3, 2.75, 3.75], "texture": "#0"},
				"south": {"uv": [0, 0.75, 5.25, 0], "texture": "#0"},
				"west": {"uv": [2.75, 3, 1.75, 3.75], "texture": "#0"},
				"up": {"uv": [0, 0, 5.25, 1], "texture": "#0"},
				"down": {"uv": [8, 2, 2.75, 1], "texture": "#0"}
			}
		},
		{
			"from": [11, 0, 1],
			"to": [14, 6, 3],
			"faces": {
				"north": {"uv": [0, 0.25, 1, 2.25], "texture": "#0"},
				"east": {"uv": [0, 0.25, 0.75, 2.25], "texture": "#0"},
				"south": {"uv": [0, 0.25, 1, 2.25], "texture": "#0"},
				"west": {"uv": [0, 0.25, 0.75, 2.25], "texture": "#0"},
				"up": {"uv": [0, 0.25, 1, 1], "texture": "#0"},
				"down": {"uv": [0, 0.25, 1, 1], "texture": "#0"}
			}
		},
		{
			"from": [0, 6, 0],
			"to": [15, 8, 3],
			"rotation": {"angle": 0, "axis": "y", "origin": [7.5, 7, 2.5]},
			"faces": {
				"north": {"uv": [0, 0.75, 5.25, 0], "texture": "#0"},
				"east": {"uv": [2.75, 3, 1.75, 3.75], "texture": "#0"},
				"south": {"uv": [0, 0, 5.25, 0.75], "texture": "#0"},
				"west": {"uv": [1.75, 3, 2.75, 3.75], "texture": "#0"},
				"up": {"uv": [0, 0, 5.25, 1], "rotation": 180, "texture": "#0"},
				"down": {"uv": [8, 2, 2.75, 1], "rotation": 180, "texture": "#0"}
			}
		},
		{
			"from": [1, 0, 1],
			"to": [4, 6, 3],
			"faces": {
				"north": {"uv": [0, 0.25, 1, 2.25], "texture": "#0"},
				"east": {"uv": [0, 0.25, 0.75, 2.25], "texture": "#0"},
				"south": {"uv": [0, 0.25, 1, 2.25], "texture": "#0"},
				"west": {"uv": [0, 0.25, 0.75, 2.25], "texture": "#0"},
				"up": {"uv": [0, 0.25, 1, 1], "texture": "#0"},
				"down": {"uv": [0, 0.25, 1, 1], "texture": "#0"}
			}
		}
	]
}